,Unnamed: 0,index,genotype,operator,iptg,observable,protein,fx_saturation,fx_std_dev,fx_std_dev_true
0,0,0,IVAK,33,0,induction,202.53477819261047,0.054484202128360866,0.053988193951026366,0.006427720059095285
1,1,1,IVAK,33,1,induction,202.53477819261047,0.05412319261108526,0.053988193951026366,0.004840704671382738
2,2,2,IVAK,33,10,induction,202.53477819261047,0.05970771890944924,0.053988193951026366,0.005251739641031678
3,3,3,IVAK,33,50,induction,202.53477819261047,0.06264275579640638,0.053988193951026366,0.005721366610900536
4,4,4,IVAK,33,100,induction,202.53477819261047,0.05933222305629431,0.053988193951026366,0.0039468621622078225
5,5,5,IVAK,33,1000,induction,202.53477819261047,0.09339345503866724,0.053988193951026366,0.006201540072040571
6,6,6,IVAK,33,10000,induction,202.53477819261047,0.28122500942884554,0.053988193951026366,0.0384687350021469
7,7,7,IVAK,33,50000,induction,202.53477819261047,0.39659558672636575,0.053988193951026366,0.048900542239538866
8,8,8,IVAK,33,100000,induction,202.53477819261047,0.39462268070223055,0.053988193951026366,0.010209796770725508
9,9,9,IVAK,33,500000,induction,202.53477819261047,0.3998004052540043,0.053988193951026366,0.03441871982284386
10,10,10,IVAK,33,1000000,induction,202.53477819261047,0.3939468553828096,0.053988193951026366,0.017576262859986626
11,11,11,IVAK,33,5000000,induction,202.53477819261047,0.40612692826309815,0.053988193951026366,0.03743882021528502
