,Unnamed: 0,index,genotype,operator,iptg,observable,protein,fx_saturation,fx_std_dev,fx_std_dev_true
0,0,0,MVAL,33,0,induction,253.90683599656245,0.1375607615654172,0.0768982674132731,0.02230650425302729
1,1,1,MVAL,33,1,induction,253.90683599656245,0.1370627635760174,0.0768982674132731,0.009139430957646107
2,2,2,MVAL,33,10,induction,253.90683599656245,0.1463196699976583,0.0768982674132731,0.0099967802003461
3,3,3,MVAL,33,50,induction,253.90683599656245,0.15386630743802604,0.0768982674132731,0.008817945245863216
4,4,4,MVAL,33,100,induction,253.90683599656245,0.14252438736370696,0.0768982674132731,0.008590225657069095
5,5,5,MVAL,33,1000,induction,253.90683599656245,0.17208035933365431,0.0768982674132731,0.007751619696189419
6,6,6,MVAL,33,10000,induction,253.90683599656245,0.19459596969648546,0.0768982674132731,0.01186448361735474
7,7,7,MVAL,33,50000,induction,253.90683599656245,0.1984580807986711,0.0768982674132731,0.019681877820587255
8,8,8,MVAL,33,100000,induction,253.90683599656245,0.19934522582861464,0.0768982674132731,0.00875615304567352
9,9,9,MVAL,33,500000,induction,253.90683599656245,0.19786452266021548,0.0768982674132731,0.017177941046486938
10,10,10,MVAL,33,1000000,induction,253.90683599656245,0.19848181895626668,0.0768982674132731,0.0113698975012896
11,11,11,MVAL,33,5000000,induction,253.90683599656245,0.1961899178669756,0.0768982674132731,0.019600771493272263
